--
-- File generated with SQLiteStudio v3.3.3 on ons jan 12 20:00:45 2022
--
-- Text encoding used: System
--
PRAGMA foreign_keys = off;
BEGIN TRANSACTION;

-- Table: booking
CREATE TABLE booking (booking_id INTEGER PRIMARY KEY NOT NULL, customer_id_responsible VARCHAR (6) REFERENCES customer (customer_id) NOT NULL, check_in_date DATE NOT NULL, check_out_date DATE NOT NULL);
INSERT INTO booking (booking_id, customer_id_responsible, check_in_date, check_out_date) VALUES (1, '47', '2022-07-24', '2022-07-28');
INSERT INTO booking (booking_id, customer_id_responsible, check_in_date, check_out_date) VALUES (2, '12', '2022-07-08', '2022-07-15');
INSERT INTO booking (booking_id, customer_id_responsible, check_in_date, check_out_date) VALUES (3, '189', '2022-07-03', '2022-07-11');
INSERT INTO booking (booking_id, customer_id_responsible, check_in_date, check_out_date) VALUES (4, '26', '2022-07-06', '2022-07-14');
INSERT INTO booking (booking_id, customer_id_responsible, check_in_date, check_out_date) VALUES (5, '88', '2022-06-06', '2022-06-11');
INSERT INTO booking (booking_id, customer_id_responsible, check_in_date, check_out_date) VALUES (6, '179', '2022-07-30', '2022-08-09');
INSERT INTO booking (booking_id, customer_id_responsible, check_in_date, check_out_date) VALUES (7, '186', '2022-06-19', '2022-06-20');
INSERT INTO booking (booking_id, customer_id_responsible, check_in_date, check_out_date) VALUES (8, '62', '2022-07-14', '2022-07-17');
INSERT INTO booking (booking_id, customer_id_responsible, check_in_date, check_out_date) VALUES (9, '75', '2022-07-18', '2022-07-19');
INSERT INTO booking (booking_id, customer_id_responsible, check_in_date, check_out_date) VALUES (10, '49', '2022-06-10', '2022-06-13');
INSERT INTO booking (booking_id, customer_id_responsible, check_in_date, check_out_date) VALUES (11, '170', '2022-07-10', '2022-07-19');
INSERT INTO booking (booking_id, customer_id_responsible, check_in_date, check_out_date) VALUES (12, '79', '2022-06-15', '2022-06-25');
INSERT INTO booking (booking_id, customer_id_responsible, check_in_date, check_out_date) VALUES (13, '3', '2022-06-03', '2022-06-11');
INSERT INTO booking (booking_id, customer_id_responsible, check_in_date, check_out_date) VALUES (14, '21', '2022-06-11', '2022-06-16');
INSERT INTO booking (booking_id, customer_id_responsible, check_in_date, check_out_date) VALUES (15, '174', '2022-06-24', '2022-06-29');
INSERT INTO booking (booking_id, customer_id_responsible, check_in_date, check_out_date) VALUES (16, '44', '2022-07-03', '2022-07-05');
INSERT INTO booking (booking_id, customer_id_responsible, check_in_date, check_out_date) VALUES (17, '130', '2022-06-13', '2022-06-21');
INSERT INTO booking (booking_id, customer_id_responsible, check_in_date, check_out_date) VALUES (18, '195', '2022-06-18', '2022-06-25');
INSERT INTO booking (booking_id, customer_id_responsible, check_in_date, check_out_date) VALUES (19, '137', '2022-07-27', '2022-08-06');
INSERT INTO booking (booking_id, customer_id_responsible, check_in_date, check_out_date) VALUES (20, '46', '2022-06-22', '2022-06-24');
INSERT INTO booking (booking_id, customer_id_responsible, check_in_date, check_out_date) VALUES (21, '69', '2022-07-10', '2022-07-18');
INSERT INTO booking (booking_id, customer_id_responsible, check_in_date, check_out_date) VALUES (22, '114', '2022-07-19', '2022-07-24');
INSERT INTO booking (booking_id, customer_id_responsible, check_in_date, check_out_date) VALUES (23, '108', '2022-07-30', '2022-08-11');
INSERT INTO booking (booking_id, customer_id_responsible, check_in_date, check_out_date) VALUES (24, '163', '2022-06-03', '2022-06-17');
INSERT INTO booking (booking_id, customer_id_responsible, check_in_date, check_out_date) VALUES (25, '156', '2022-06-24', '2022-07-02');
INSERT INTO booking (booking_id, customer_id_responsible, check_in_date, check_out_date) VALUES (26, '116', '2022-07-24', '2022-08-02');
INSERT INTO booking (booking_id, customer_id_responsible, check_in_date, check_out_date) VALUES (27, '123', '2022-07-27', '2022-08-07');
INSERT INTO booking (booking_id, customer_id_responsible, check_in_date, check_out_date) VALUES (28, '50', '2022-07-28', '2022-07-31');
INSERT INTO booking (booking_id, customer_id_responsible, check_in_date, check_out_date) VALUES (29, '22', '2022-06-08', '2022-06-12');
INSERT INTO booking (booking_id, customer_id_responsible, check_in_date, check_out_date) VALUES (30, '141', '2022-06-27', '2022-07-02');
INSERT INTO booking (booking_id, customer_id_responsible, check_in_date, check_out_date) VALUES (31, '111', '2022-06-18', '2022-06-24');
INSERT INTO booking (booking_id, customer_id_responsible, check_in_date, check_out_date) VALUES (32, '198', '2022-07-20', '2022-07-22');
INSERT INTO booking (booking_id, customer_id_responsible, check_in_date, check_out_date) VALUES (33, '143', '2022-07-25', '2022-07-26');
INSERT INTO booking (booking_id, customer_id_responsible, check_in_date, check_out_date) VALUES (34, '52', '2022-06-25', '2022-07-01');
INSERT INTO booking (booking_id, customer_id_responsible, check_in_date, check_out_date) VALUES (35, '73', '2022-06-04', '2022-06-07');
INSERT INTO booking (booking_id, customer_id_responsible, check_in_date, check_out_date) VALUES (36, '97', '2022-07-22', '2022-07-31');
INSERT INTO booking (booking_id, customer_id_responsible, check_in_date, check_out_date) VALUES (37, '53', '2022-07-27', '2022-08-02');
INSERT INTO booking (booking_id, customer_id_responsible, check_in_date, check_out_date) VALUES (38, '77', '2022-06-24', '2022-06-26');
INSERT INTO booking (booking_id, customer_id_responsible, check_in_date, check_out_date) VALUES (39, '166', '2022-06-27', '2022-07-04');
INSERT INTO booking (booking_id, customer_id_responsible, check_in_date, check_out_date) VALUES (40, '115', '2022-06-26', '2022-07-03');
INSERT INTO booking (booking_id, customer_id_responsible, check_in_date, check_out_date) VALUES (41, '199', '2022-07-27', '2022-08-09');
INSERT INTO booking (booking_id, customer_id_responsible, check_in_date, check_out_date) VALUES (42, '32', '2022-07-03', '2022-07-16');
INSERT INTO booking (booking_id, customer_id_responsible, check_in_date, check_out_date) VALUES (43, '58', '2022-06-07', '2022-06-16');
INSERT INTO booking (booking_id, customer_id_responsible, check_in_date, check_out_date) VALUES (44, '105', '2022-07-21', '2022-08-03');
INSERT INTO booking (booking_id, customer_id_responsible, check_in_date, check_out_date) VALUES (45, '173', '2022-06-05', '2022-06-07');
INSERT INTO booking (booking_id, customer_id_responsible, check_in_date, check_out_date) VALUES (46, '45', '2022-07-24', '2022-07-29');
INSERT INTO booking (booking_id, customer_id_responsible, check_in_date, check_out_date) VALUES (47, '175', '2022-07-09', '2022-07-21');
INSERT INTO booking (booking_id, customer_id_responsible, check_in_date, check_out_date) VALUES (48, '160', '2022-07-28', '2022-08-01');
INSERT INTO booking (booking_id, customer_id_responsible, check_in_date, check_out_date) VALUES (49, '192', '2022-07-21', '2022-07-28');
INSERT INTO booking (booking_id, customer_id_responsible, check_in_date, check_out_date) VALUES (50, '144', '2022-07-04', '2022-07-16');

-- Table: customer
CREATE TABLE customer (customer_id INTEGER PRIMARY KEY NOT NULL, first_name VARCHAR (50) NOT NULL, last_name VARCHAR (50) NOT NULL, email VARCHAR (50), phone VARCHAR (50), birthdate DATE NOT NULL);
INSERT INTO customer (customer_id, first_name, last_name, email, phone, birthdate) VALUES (1, 'Obed', 'Wrixon', 'owrixon0@plala.or.jp', '719-720-7350', '1949-06-16');
INSERT INTO customer (customer_id, first_name, last_name, email, phone, birthdate) VALUES (2, 'Hatty', 'Kusick', 'hkusick1@google.com', '993-470-0990', '1978-01-04');
INSERT INTO customer (customer_id, first_name, last_name, email, phone, birthdate) VALUES (3, 'Katy', 'Bittlestone', 'kbittlestone2@1688.com', '663-918-8984', '2004-04-15');
INSERT INTO customer (customer_id, first_name, last_name, email, phone, birthdate) VALUES (4, 'Byron', 'Drayton', 'bdrayton3@flavors.me', '372-314-8506', '1975-08-28');
INSERT INTO customer (customer_id, first_name, last_name, email, phone, birthdate) VALUES (5, 'Virgilio', 'Drei', 'vdrei4@ucoz.ru', '264-969-3417', '1989-09-05');
INSERT INTO customer (customer_id, first_name, last_name, email, phone, birthdate) VALUES (6, 'Berti', 'Dillow', 'bdillow5@jugem.jp', '323-834-1982', '2003-06-20');
INSERT INTO customer (customer_id, first_name, last_name, email, phone, birthdate) VALUES (7, 'Carleton', 'Sukbhans', 'csukbhans6@ucla.edu', '486-600-8343', '2004-12-21');
INSERT INTO customer (customer_id, first_name, last_name, email, phone, birthdate) VALUES (8, 'Pier', 'Milby', 'pmilby7@kickstarter.com', '791-348-1062', '1982-04-12');
INSERT INTO customer (customer_id, first_name, last_name, email, phone, birthdate) VALUES (9, 'Raphaela', 'Paffitt', 'rpaffitt8@mysql.com', '415-333-0560', '2005-11-04');
INSERT INTO customer (customer_id, first_name, last_name, email, phone, birthdate) VALUES (10, 'Micheline', 'Karlik', 'mkarlik9@usa.gov', '362-412-8251', '1969-09-21');
INSERT INTO customer (customer_id, first_name, last_name, email, phone, birthdate) VALUES (11, 'Lee', 'Speek', 'lspeeka@simplemachines.org', '491-360-3362', '1970-01-15');
INSERT INTO customer (customer_id, first_name, last_name, email, phone, birthdate) VALUES (12, 'Wash', 'Larrington', 'wlarringtonb@google.es', '645-332-1723', '1993-02-01');
INSERT INTO customer (customer_id, first_name, last_name, email, phone, birthdate) VALUES (13, 'Gearalt', 'Bouldon', 'gbouldonc@newsvine.com', '970-548-3168', '1989-04-04');
INSERT INTO customer (customer_id, first_name, last_name, email, phone, birthdate) VALUES (14, 'Roderigo', 'Jephcott', 'rjephcottd@scientificamerican.com', '886-182-1562', '1981-11-26');
INSERT INTO customer (customer_id, first_name, last_name, email, phone, birthdate) VALUES (15, 'Madlin', 'Guenther', 'mguenthere@rediff.com', '703-439-0019', '1959-02-08');
INSERT INTO customer (customer_id, first_name, last_name, email, phone, birthdate) VALUES (16, 'Micaela', 'Baude', 'mbaudef@jalbum.net', '243-280-6212', '2005-03-09');
INSERT INTO customer (customer_id, first_name, last_name, email, phone, birthdate) VALUES (17, 'Kellby', 'Keneford', 'kkenefordg@alibaba.com', '257-579-1773', '2003-09-05');
INSERT INTO customer (customer_id, first_name, last_name, email, phone, birthdate) VALUES (18, 'Philomena', 'Kramer', 'pkramerh@xrea.com', '354-878-8312', '1961-10-12');
INSERT INTO customer (customer_id, first_name, last_name, email, phone, birthdate) VALUES (19, 'Kelsey', 'Earney', 'kearneyi@netscape.com', '787-881-2181', '1988-12-05');
INSERT INTO customer (customer_id, first_name, last_name, email, phone, birthdate) VALUES (20, 'Normie', 'Stodd', 'nstoddj@state.tx.us', '696-883-0102', '1950-08-17');
INSERT INTO customer (customer_id, first_name, last_name, email, phone, birthdate) VALUES (21, 'Karlie', 'Deedes', 'kdeedesk@lycos.com', '554-435-3467', '1998-08-27');
INSERT INTO customer (customer_id, first_name, last_name, email, phone, birthdate) VALUES (22, 'Algernon', 'Egell', 'aegelll@simplemachines.org', '770-116-9702', '2000-07-26');
INSERT INTO customer (customer_id, first_name, last_name, email, phone, birthdate) VALUES (23, 'Nydia', 'Hackin', 'nhackinm@usgs.gov', '940-945-7358', '1960-10-19');
INSERT INTO customer (customer_id, first_name, last_name, email, phone, birthdate) VALUES (24, 'Stanly', 'Vater', 'svatern@php.net', '610-517-5250', '2000-11-29');
INSERT INTO customer (customer_id, first_name, last_name, email, phone, birthdate) VALUES (25, 'Ronnica', 'O''Grogane', 'rogroganeo@miibeian.gov.cn', '810-187-2118', '1962-04-20');
INSERT INTO customer (customer_id, first_name, last_name, email, phone, birthdate) VALUES (26, 'Eleanor', 'Dorney', 'edorneyp@jimdo.com', '789-706-8985', '2000-03-11');
INSERT INTO customer (customer_id, first_name, last_name, email, phone, birthdate) VALUES (27, 'Morganica', 'Scoon', 'mscoonq@privacy.gov.au', '273-532-9427', '1967-09-17');
INSERT INTO customer (customer_id, first_name, last_name, email, phone, birthdate) VALUES (28, 'Audy', 'Bootyman', 'abootymanr@networksolutions.com', '644-931-5283', '1975-09-15');
INSERT INTO customer (customer_id, first_name, last_name, email, phone, birthdate) VALUES (29, 'Sibby', 'Barbrick', 'sbarbricks@webeden.co.uk', '523-148-4621', '2005-01-09');
INSERT INTO customer (customer_id, first_name, last_name, email, phone, birthdate) VALUES (30, 'Nikola', 'Parish', 'nparisht@vkontakte.ru', '492-847-2081', '1960-12-22');
INSERT INTO customer (customer_id, first_name, last_name, email, phone, birthdate) VALUES (31, 'Brad', 'Iacomi', 'biacomiu@booking.com', '623-334-6848', '1949-08-08');
INSERT INTO customer (customer_id, first_name, last_name, email, phone, birthdate) VALUES (32, 'Fawnia', 'Hawke', 'fhawkev@jimdo.com', '765-754-1358', '1970-08-05');
INSERT INTO customer (customer_id, first_name, last_name, email, phone, birthdate) VALUES (33, 'Michell', 'Boerder', 'mboerderw@psu.edu', '316-610-5041', '1998-09-23');
INSERT INTO customer (customer_id, first_name, last_name, email, phone, birthdate) VALUES (34, 'Nataline', 'Billson', 'nbillsonx@lulu.com', '443-331-5282', '2001-08-19');
INSERT INTO customer (customer_id, first_name, last_name, email, phone, birthdate) VALUES (35, 'Cassandre', 'Egentan', 'cegentany@networksolutions.com', '557-436-1176', '1998-05-12');
INSERT INTO customer (customer_id, first_name, last_name, email, phone, birthdate) VALUES (36, 'Myrna', 'Dewsnap', 'mdewsnapz@fc2.com', '765-690-2302', '1980-03-05');
INSERT INTO customer (customer_id, first_name, last_name, email, phone, birthdate) VALUES (37, 'Lotti', 'Perillo', 'lperillo10@example.com', '658-473-4005', '1980-12-02');
INSERT INTO customer (customer_id, first_name, last_name, email, phone, birthdate) VALUES (38, 'Zorah', 'Bishell', 'zbishell11@bloglovin.com', '134-524-8100', '1969-03-29');
INSERT INTO customer (customer_id, first_name, last_name, email, phone, birthdate) VALUES (39, 'Laurie', 'Starford', 'lstarford12@harvard.edu', '966-708-7428', '1970-06-18');
INSERT INTO customer (customer_id, first_name, last_name, email, phone, birthdate) VALUES (40, 'Augustin', 'Woodlands', 'awoodlands13@histats.com', '139-919-8705', '1947-04-20');
INSERT INTO customer (customer_id, first_name, last_name, email, phone, birthdate) VALUES (41, 'Wood', 'Le Teve', 'wleteve14@xing.com', '993-321-9770', '1985-12-23');
INSERT INTO customer (customer_id, first_name, last_name, email, phone, birthdate) VALUES (42, 'Tabatha', 'Crone', 'tcrone15@blogtalkradio.com', '832-625-1539', '1972-10-18');
INSERT INTO customer (customer_id, first_name, last_name, email, phone, birthdate) VALUES (43, 'Loy', 'MacLeese', 'lmacleese16@dion.ne.jp', '342-894-9461', '2003-07-03');
INSERT INTO customer (customer_id, first_name, last_name, email, phone, birthdate) VALUES (44, 'Cecile', 'Brayn', 'cbrayn17@blogtalkradio.com', '913-767-5896', '1976-12-27');
INSERT INTO customer (customer_id, first_name, last_name, email, phone, birthdate) VALUES (45, 'Evangelina', 'Acton', 'eacton18@prnewswire.com', '114-931-2614', '1993-12-22');
INSERT INTO customer (customer_id, first_name, last_name, email, phone, birthdate) VALUES (46, 'Ellis', 'Charlewood', 'echarlewood19@sun.com', '517-538-1194', '1956-12-21');
INSERT INTO customer (customer_id, first_name, last_name, email, phone, birthdate) VALUES (47, 'Tuck', 'Boissier', 'tboissier1a@usa.gov', '943-384-4201', '1960-03-01');
INSERT INTO customer (customer_id, first_name, last_name, email, phone, birthdate) VALUES (48, 'Joey', 'Gardner', 'jgardner1b@icio.us', '691-188-9385', '1990-04-19');
INSERT INTO customer (customer_id, first_name, last_name, email, phone, birthdate) VALUES (49, 'Jo ann', 'Gerretsen', 'jgerretsen1c@buzzfeed.com', '642-255-0595', '1948-01-18');
INSERT INTO customer (customer_id, first_name, last_name, email, phone, birthdate) VALUES (50, 'Neils', 'Chipman', 'nchipman1d@sitemeter.com', '571-640-8709', '1947-01-09');
INSERT INTO customer (customer_id, first_name, last_name, email, phone, birthdate) VALUES (51, 'Cathe', 'Wansbury', 'cwansbury1e@tinypic.com', '611-436-1352', '1996-04-04');
INSERT INTO customer (customer_id, first_name, last_name, email, phone, birthdate) VALUES (52, 'Nichole', 'McKiddin', 'nmckiddin1f@census.gov', '667-874-3220', '1971-09-04');
INSERT INTO customer (customer_id, first_name, last_name, email, phone, birthdate) VALUES (53, 'Mal', 'Canner', 'mcanner1g@de.vu', '354-783-2458', '1965-02-14');
INSERT INTO customer (customer_id, first_name, last_name, email, phone, birthdate) VALUES (54, 'Gifford', 'McJerrow', 'gmcjerrow1h@cpanel.net', '134-976-4619', '1971-03-06');
INSERT INTO customer (customer_id, first_name, last_name, email, phone, birthdate) VALUES (55, 'Odell', 'Bissatt', 'obissatt1i@huffingtonpost.com', '955-308-0313', '1994-04-13');
INSERT INTO customer (customer_id, first_name, last_name, email, phone, birthdate) VALUES (56, 'Tim', 'Chomley', 'tchomley1j@techcrunch.com', '734-121-5767', '1969-12-01');
INSERT INTO customer (customer_id, first_name, last_name, email, phone, birthdate) VALUES (57, 'Matthiew', 'Shankland', 'mshankland1k@archive.org', '546-106-1553', '1998-10-31');
INSERT INTO customer (customer_id, first_name, last_name, email, phone, birthdate) VALUES (58, 'Austin', 'Knutsen', 'aknutsen1l@cbc.ca', '117-802-5727', '1973-03-24');
INSERT INTO customer (customer_id, first_name, last_name, email, phone, birthdate) VALUES (59, 'Morgan', 'Carcas', 'mcarcas1m@unicef.org', '972-913-7170', '1985-05-03');
INSERT INTO customer (customer_id, first_name, last_name, email, phone, birthdate) VALUES (60, 'Talya', 'Coit', 'tcoit1n@nsw.gov.au', '622-592-3412', '1950-12-07');
INSERT INTO customer (customer_id, first_name, last_name, email, phone, birthdate) VALUES (61, 'Boote', 'Dursley', 'bdursley1o@cloudflare.com', '724-254-1450', '1962-01-24');
INSERT INTO customer (customer_id, first_name, last_name, email, phone, birthdate) VALUES (62, 'Huntlee', 'Ortell', 'hortell1p@fastcompany.com', '238-486-8293', '1946-02-10');
INSERT INTO customer (customer_id, first_name, last_name, email, phone, birthdate) VALUES (63, 'Lorry', 'Reinger', 'lreinger1q@upenn.edu', '347-402-7560', '1959-06-04');
INSERT INTO customer (customer_id, first_name, last_name, email, phone, birthdate) VALUES (64, 'Ariel', 'Akerman', 'aakerman1r@icq.com', '148-383-0827', '1974-06-24');
INSERT INTO customer (customer_id, first_name, last_name, email, phone, birthdate) VALUES (65, 'Willie', 'Drakard', 'wdrakard1s@yolasite.com', '292-179-2296', '1953-10-04');
INSERT INTO customer (customer_id, first_name, last_name, email, phone, birthdate) VALUES (66, 'Mordecai', 'Dawtrey', 'mdawtrey1t@ucla.edu', '123-402-0070', '1971-12-12');
INSERT INTO customer (customer_id, first_name, last_name, email, phone, birthdate) VALUES (67, 'Cully', 'McKinty', 'cmckinty1u@craigslist.org', '587-614-8733', '1979-01-18');
INSERT INTO customer (customer_id, first_name, last_name, email, phone, birthdate) VALUES (68, 'Allys', 'Kubik', 'akubik1v@google.it', '784-157-1059', '1976-05-01');
INSERT INTO customer (customer_id, first_name, last_name, email, phone, birthdate) VALUES (69, 'Benjamen', 'Coppenhall', 'bcoppenhall1w@latimes.com', '299-981-0842', '2005-02-08');
INSERT INTO customer (customer_id, first_name, last_name, email, phone, birthdate) VALUES (70, 'Elke', 'Truran', 'etruran1x@google.cn', '371-688-8782', '1960-11-30');
INSERT INTO customer (customer_id, first_name, last_name, email, phone, birthdate) VALUES (71, 'Tab', 'Rogister', 'trogister1y@wordpress.org', '178-523-9306', '1953-11-30');
INSERT INTO customer (customer_id, first_name, last_name, email, phone, birthdate) VALUES (72, 'Byrle', 'Relfe', 'brelfe1z@auda.org.au', '577-544-7177', '1971-02-10');
INSERT INTO customer (customer_id, first_name, last_name, email, phone, birthdate) VALUES (73, 'Diann', 'MacVanamy', 'dmacvanamy20@uiuc.edu', '193-295-4293', '2003-02-24');
INSERT INTO customer (customer_id, first_name, last_name, email, phone, birthdate) VALUES (74, 'Carlie', 'Edson', 'cedson21@hostgator.com', '776-553-5104', '1992-10-24');
INSERT INTO customer (customer_id, first_name, last_name, email, phone, birthdate) VALUES (75, 'Clemmie', 'Ros', 'cros22@sogou.com', '153-850-1479', '1961-09-30');
INSERT INTO customer (customer_id, first_name, last_name, email, phone, birthdate) VALUES (76, 'Alvinia', 'Lovelady', 'alovelady23@addthis.com', '230-536-1262', '2003-05-22');
INSERT INTO customer (customer_id, first_name, last_name, email, phone, birthdate) VALUES (77, 'Meris', 'Ros', 'mros24@technorati.com', '476-315-0312', '1989-10-12');
INSERT INTO customer (customer_id, first_name, last_name, email, phone, birthdate) VALUES (78, 'Aubry', 'Rosenfelt', 'arosenfelt25@guardian.co.uk', '546-305-5849', '1979-05-18');
INSERT INTO customer (customer_id, first_name, last_name, email, phone, birthdate) VALUES (79, 'Felicle', 'Harby', 'fharby26@bizjournals.com', '156-612-7699', '1963-06-15');
INSERT INTO customer (customer_id, first_name, last_name, email, phone, birthdate) VALUES (80, 'Raimundo', 'Mioni', 'rmioni27@photobucket.com', '354-561-1408', '1978-10-29');
INSERT INTO customer (customer_id, first_name, last_name, email, phone, birthdate) VALUES (81, 'Tobye', 'Ogelsby', 'togelsby28@ft.com', '363-699-6407', '1980-01-23');
INSERT INTO customer (customer_id, first_name, last_name, email, phone, birthdate) VALUES (82, 'Portie', 'O''Nowlan', 'ponowlan29@walmart.com', '214-615-7729', '1949-07-22');
INSERT INTO customer (customer_id, first_name, last_name, email, phone, birthdate) VALUES (83, 'Vaughan', 'Vaughton', 'vvaughton2a@unc.edu', '852-191-1355', '1991-05-21');
INSERT INTO customer (customer_id, first_name, last_name, email, phone, birthdate) VALUES (84, 'Athene', 'Wardhough', 'awardhough2b@stanford.edu', '968-429-7180', '1991-07-24');
INSERT INTO customer (customer_id, first_name, last_name, email, phone, birthdate) VALUES (85, 'Virgilio', 'Middlemist', 'vmiddlemist2c@imageshack.us', '253-593-6754', '1977-12-03');
INSERT INTO customer (customer_id, first_name, last_name, email, phone, birthdate) VALUES (86, 'Katti', 'Belly', 'kbelly2d@icq.com', '261-841-6032', '1953-07-31');
INSERT INTO customer (customer_id, first_name, last_name, email, phone, birthdate) VALUES (87, 'Louise', 'Clyde', 'lclyde2e@moonfruit.com', '757-889-8487', '1977-06-05');
INSERT INTO customer (customer_id, first_name, last_name, email, phone, birthdate) VALUES (88, 'Linnie', 'Pidgin', 'lpidgin2f@economist.com', '911-823-9497', '1973-09-02');
INSERT INTO customer (customer_id, first_name, last_name, email, phone, birthdate) VALUES (89, 'Kip', 'Blazdell', 'kblazdell2g@howstuffworks.com', '351-396-5643', '1982-10-06');
INSERT INTO customer (customer_id, first_name, last_name, email, phone, birthdate) VALUES (90, 'Amery', 'Chenery', 'achenery2h@dagondesign.com', '527-264-0656', '1991-09-20');
INSERT INTO customer (customer_id, first_name, last_name, email, phone, birthdate) VALUES (91, 'Salomo', 'Toupe', 'stoupe2i@uiuc.edu', '222-570-2624', '1955-01-15');
INSERT INTO customer (customer_id, first_name, last_name, email, phone, birthdate) VALUES (92, 'Zachery', 'Beadon', 'zbeadon2j@weebly.com', '870-326-6617', '1985-06-24');
INSERT INTO customer (customer_id, first_name, last_name, email, phone, birthdate) VALUES (93, 'Nananne', 'Louisot', 'nlouisot2k@nymag.com', '154-637-1668', '1973-12-01');
INSERT INTO customer (customer_id, first_name, last_name, email, phone, birthdate) VALUES (94, 'Lana', 'Moppett', 'lmoppett2l@joomla.org', '504-357-6709', '1951-01-13');
INSERT INTO customer (customer_id, first_name, last_name, email, phone, birthdate) VALUES (95, 'Perice', 'Wafer', 'pwafer2m@wikia.com', '797-465-4921', '1964-10-08');
INSERT INTO customer (customer_id, first_name, last_name, email, phone, birthdate) VALUES (96, 'Maurie', 'Proby', 'mproby2n@bizjournals.com', '104-383-1978', '2002-03-23');
INSERT INTO customer (customer_id, first_name, last_name, email, phone, birthdate) VALUES (97, 'Konstanze', 'Dando', 'kdando2o@unicef.org', '914-806-4095', '1970-10-22');
INSERT INTO customer (customer_id, first_name, last_name, email, phone, birthdate) VALUES (98, 'Willabella', 'Tiesman', 'wtiesman2p@ucoz.ru', '462-523-0764', '2001-11-17');
INSERT INTO customer (customer_id, first_name, last_name, email, phone, birthdate) VALUES (99, 'Keelby', 'Keneford', 'kkeneford2q@weibo.com', '530-845-8179', '1949-11-12');
INSERT INTO customer (customer_id, first_name, last_name, email, phone, birthdate) VALUES (100, 'Trudi', 'Moisey', 'tmoisey2r@google.it', '558-266-6276', '1973-07-12');
INSERT INTO customer (customer_id, first_name, last_name, email, phone, birthdate) VALUES (101, 'Susanetta', 'Martinetto', 'smartinetto2s@xrea.com', '256-644-3943', '1969-08-29');
INSERT INTO customer (customer_id, first_name, last_name, email, phone, birthdate) VALUES (102, 'Natalina', 'MacMurray', 'nmacmurray2t@usda.gov', '806-737-2064', '1954-01-05');
INSERT INTO customer (customer_id, first_name, last_name, email, phone, birthdate) VALUES (103, 'Aura', 'Alkin', 'aalkin2u@hostgator.com', '462-225-2007', '1990-08-16');
INSERT INTO customer (customer_id, first_name, last_name, email, phone, birthdate) VALUES (104, 'Myca', 'Aucock', 'maucock2v@meetup.com', '713-435-0829', '1991-02-19');
INSERT INTO customer (customer_id, first_name, last_name, email, phone, birthdate) VALUES (105, 'Northrop', 'Ettridge', 'nettridge2w@unesco.org', '174-523-0238', '1989-09-12');
INSERT INTO customer (customer_id, first_name, last_name, email, phone, birthdate) VALUES (106, 'Gardiner', 'Simanek', 'gsimanek2x@usda.gov', '509-770-1666', '1978-12-17');
INSERT INTO customer (customer_id, first_name, last_name, email, phone, birthdate) VALUES (107, 'Trey', 'Pawson', 'tpawson2y@flavors.me', '401-914-9739', '1959-04-15');
INSERT INTO customer (customer_id, first_name, last_name, email, phone, birthdate) VALUES (108, 'Ralph', 'Pyle', 'rpyle2z@delicious.com', '217-215-1712', '1999-02-18');
INSERT INTO customer (customer_id, first_name, last_name, email, phone, birthdate) VALUES (109, 'Bordy', 'Robotham', 'brobotham30@edublogs.org', '762-313-2011', '2003-05-19');
INSERT INTO customer (customer_id, first_name, last_name, email, phone, birthdate) VALUES (110, 'Shelly', 'McKue', 'smckue31@jalbum.net', '114-823-2324', '1979-05-07');
INSERT INTO customer (customer_id, first_name, last_name, email, phone, birthdate) VALUES (111, 'Robbi', 'Sanchez', 'rsanchez32@wunderground.com', '629-860-8445', '1967-04-25');
INSERT INTO customer (customer_id, first_name, last_name, email, phone, birthdate) VALUES (112, 'Lindy', 'Miche', 'lmiche33@wikimedia.org', '101-399-9810', '1950-02-06');
INSERT INTO customer (customer_id, first_name, last_name, email, phone, birthdate) VALUES (113, 'Gerhard', 'Massot', 'gmassot34@columbia.edu', '625-171-9082', '2005-02-19');
INSERT INTO customer (customer_id, first_name, last_name, email, phone, birthdate) VALUES (114, 'Clem', 'Bridgman', 'cbridgman35@ask.com', '629-891-9090', '1975-02-10');
INSERT INTO customer (customer_id, first_name, last_name, email, phone, birthdate) VALUES (115, 'Gilberte', 'Sutherington', 'gsutherington36@shop-pro.jp', '452-729-9745', '1975-01-14');
INSERT INTO customer (customer_id, first_name, last_name, email, phone, birthdate) VALUES (116, 'Alvie', 'Ellerton', 'aellerton37@diigo.com', '704-889-0520', '1949-09-29');
INSERT INTO customer (customer_id, first_name, last_name, email, phone, birthdate) VALUES (117, 'Catherin', 'Bollon', 'cbollon38@example.com', '213-456-6216', '2001-03-08');
INSERT INTO customer (customer_id, first_name, last_name, email, phone, birthdate) VALUES (118, 'David', 'Moyers', 'dmoyers39@usa.gov', '847-619-7868', '1985-03-18');
INSERT INTO customer (customer_id, first_name, last_name, email, phone, birthdate) VALUES (119, 'Annabelle', 'Blasiak', 'ablasiak3a@twitpic.com', '401-354-4503', '1989-06-02');
INSERT INTO customer (customer_id, first_name, last_name, email, phone, birthdate) VALUES (120, 'Helsa', 'Marskell', 'hmarskell3b@imgur.com', '769-618-4624', '1991-09-30');
INSERT INTO customer (customer_id, first_name, last_name, email, phone, birthdate) VALUES (121, 'Joyce', 'O''Nion', 'jonion3c@stanford.edu', '984-642-1535', '2005-08-07');
INSERT INTO customer (customer_id, first_name, last_name, email, phone, birthdate) VALUES (122, 'Hedvig', 'Grieveson', 'hgrieveson3d@uol.com.br', '818-918-7259', '1971-06-19');
INSERT INTO customer (customer_id, first_name, last_name, email, phone, birthdate) VALUES (123, 'Angie', 'Brookwood', 'abrookwood3e@delicious.com', '421-534-6027', '1951-05-02');
INSERT INTO customer (customer_id, first_name, last_name, email, phone, birthdate) VALUES (124, 'Marietta', 'Meech', 'mmeech3f@163.com', '834-463-0838', '1957-10-27');
INSERT INTO customer (customer_id, first_name, last_name, email, phone, birthdate) VALUES (125, 'Nadia', 'Eyles', 'neyles3g@google.co.jp', '761-581-8473', '2004-03-08');
INSERT INTO customer (customer_id, first_name, last_name, email, phone, birthdate) VALUES (126, 'Tanny', 'Riding', 'triding3h@yahoo.co.jp', '640-229-6370', '1976-11-29');
INSERT INTO customer (customer_id, first_name, last_name, email, phone, birthdate) VALUES (127, 'Gabi', 'Ratazzi', 'gratazzi3i@comcast.net', '370-602-4699', '1996-11-13');
INSERT INTO customer (customer_id, first_name, last_name, email, phone, birthdate) VALUES (128, 'Gifford', 'Sange', 'gsange3j@howstuffworks.com', '136-758-2416', '1991-03-16');
INSERT INTO customer (customer_id, first_name, last_name, email, phone, birthdate) VALUES (129, 'Othello', 'Nunnery', 'onunnery3k@msu.edu', '175-222-9767', '1983-06-22');
INSERT INTO customer (customer_id, first_name, last_name, email, phone, birthdate) VALUES (130, 'Wilfred', 'Wraxall', 'wwraxall3l@godaddy.com', '923-664-8995', '1993-07-16');
INSERT INTO customer (customer_id, first_name, last_name, email, phone, birthdate) VALUES (131, 'Emmet', 'Gladtbach', 'egladtbach3m@dailymail.co.uk', '633-607-5822', '2004-11-21');
INSERT INTO customer (customer_id, first_name, last_name, email, phone, birthdate) VALUES (132, 'Dory', 'Linnit', 'dlinnit3n@infoseek.co.jp', '937-229-1841', '1949-07-13');
INSERT INTO customer (customer_id, first_name, last_name, email, phone, birthdate) VALUES (133, 'Adlai', 'Roggero', 'aroggero3o@yandex.ru', '518-771-4400', '1959-08-06');
INSERT INTO customer (customer_id, first_name, last_name, email, phone, birthdate) VALUES (134, 'Carlynn', 'Groven', 'cgroven3p@tuttocitta.it', '928-764-8277', '1982-03-25');
INSERT INTO customer (customer_id, first_name, last_name, email, phone, birthdate) VALUES (135, 'Ulrike', 'Ferraron', 'uferraron3q@liveinternet.ru', '200-184-7402', '1987-07-17');
INSERT INTO customer (customer_id, first_name, last_name, email, phone, birthdate) VALUES (136, 'Benedict', 'Friedank', 'bfriedank3r@europa.eu', '783-109-9030', '1972-02-21');
INSERT INTO customer (customer_id, first_name, last_name, email, phone, birthdate) VALUES (137, 'Domenic', 'McKelvie', 'dmckelvie3s@theatlantic.com', '376-697-8165', '1985-04-01');
INSERT INTO customer (customer_id, first_name, last_name, email, phone, birthdate) VALUES (138, 'Vonnie', 'Ferenczi', 'vferenczi3t@columbia.edu', '456-358-6736', '1953-08-08');
INSERT INTO customer (customer_id, first_name, last_name, email, phone, birthdate) VALUES (139, 'Othello', 'Vinas', 'ovinas3u@washington.edu', '957-961-8536', '1964-07-08');
INSERT INTO customer (customer_id, first_name, last_name, email, phone, birthdate) VALUES (140, 'Olva', 'Cason', 'ocason3v@google.es', '658-908-7643', '1949-08-29');
INSERT INTO customer (customer_id, first_name, last_name, email, phone, birthdate) VALUES (141, 'Gavrielle', 'Nickoll', 'gnickoll3w@hexun.com', '497-440-3924', '1958-11-07');
INSERT INTO customer (customer_id, first_name, last_name, email, phone, birthdate) VALUES (142, 'Terrijo', 'Slogrove', 'tslogrove3x@cbsnews.com', '630-750-5146', '1960-07-30');
INSERT INTO customer (customer_id, first_name, last_name, email, phone, birthdate) VALUES (143, 'Moss', 'Oakland', 'moakland3y@amazon.de', '173-115-1943', '1994-09-04');
INSERT INTO customer (customer_id, first_name, last_name, email, phone, birthdate) VALUES (144, 'Barrie', 'Dilrew', 'bdilrew3z@angelfire.com', '845-480-4156', '1972-05-21');
INSERT INTO customer (customer_id, first_name, last_name, email, phone, birthdate) VALUES (145, 'Tedman', 'Dyer', 'tdyer40@a8.net', '598-889-1455', '1999-05-17');
INSERT INTO customer (customer_id, first_name, last_name, email, phone, birthdate) VALUES (146, 'Ivette', 'Chattock', 'ichattock41@delicious.com', '432-369-9817', '1989-06-03');
INSERT INTO customer (customer_id, first_name, last_name, email, phone, birthdate) VALUES (147, 'Michel', 'Stebbings', 'mstebbings42@nbcnews.com', '333-346-9207', '1978-03-23');
INSERT INTO customer (customer_id, first_name, last_name, email, phone, birthdate) VALUES (148, 'Ewen', 'Eccles', 'eeccles43@clickbank.net', '928-454-5431', '1992-02-14');
INSERT INTO customer (customer_id, first_name, last_name, email, phone, birthdate) VALUES (149, 'Jenda', 'Hurdedge', 'jhurdedge44@de.vu', '580-529-1173', '1961-05-11');
INSERT INTO customer (customer_id, first_name, last_name, email, phone, birthdate) VALUES (150, 'Archibaldo', 'Flacke', 'aflacke45@wordpress.com', '881-883-9157', '1996-08-13');
INSERT INTO customer (customer_id, first_name, last_name, email, phone, birthdate) VALUES (151, 'Madison', 'Horley', 'mhorley46@networkadvertising.org', '202-685-6566', '1958-05-13');
INSERT INTO customer (customer_id, first_name, last_name, email, phone, birthdate) VALUES (152, 'Englebert', 'Jolliff', 'ejolliff47@bluehost.com', '458-358-5629', '1957-01-23');
INSERT INTO customer (customer_id, first_name, last_name, email, phone, birthdate) VALUES (153, 'Lethia', 'Lafond', 'llafond48@histats.com', '319-966-2484', '1972-12-28');
INSERT INTO customer (customer_id, first_name, last_name, email, phone, birthdate) VALUES (154, 'Cleon', 'Pauli', 'cpauli49@mapquest.com', '556-265-5039', '1981-01-22');
INSERT INTO customer (customer_id, first_name, last_name, email, phone, birthdate) VALUES (155, 'Cyrillus', 'Reichelt', 'creichelt4a@chronoengine.com', '674-206-3057', '1980-06-17');
INSERT INTO customer (customer_id, first_name, last_name, email, phone, birthdate) VALUES (156, 'Corbie', 'Woodrough', 'cwoodrough4b@csmonitor.com', '681-879-2492', '1964-12-20');
INSERT INTO customer (customer_id, first_name, last_name, email, phone, birthdate) VALUES (157, 'Bale', 'D''Angeli', 'bdangeli4c@lulu.com', '153-227-3440', '1956-01-26');
INSERT INTO customer (customer_id, first_name, last_name, email, phone, birthdate) VALUES (158, 'Cynde', 'Chiommienti', 'cchiommienti4d@sourceforge.net', '327-618-7433', '1976-07-24');
INSERT INTO customer (customer_id, first_name, last_name, email, phone, birthdate) VALUES (159, 'Kym', 'Bankhurst', 'kbankhurst4e@dyndns.org', '310-755-7073', '1993-07-14');
INSERT INTO customer (customer_id, first_name, last_name, email, phone, birthdate) VALUES (160, 'Selig', 'Worts', 'sworts4f@latimes.com', '774-458-3086', '1997-02-22');
INSERT INTO customer (customer_id, first_name, last_name, email, phone, birthdate) VALUES (161, 'Thain', 'McGorman', 'tmcgorman4g@bbb.org', '785-620-0784', '1990-12-10');
INSERT INTO customer (customer_id, first_name, last_name, email, phone, birthdate) VALUES (162, 'Elinor', 'Cheesworth', 'echeesworth4h@last.fm', '214-316-4650', '2000-09-24');
INSERT INTO customer (customer_id, first_name, last_name, email, phone, birthdate) VALUES (163, 'Devonne', 'Demare', 'ddemare4i@google.fr', '368-429-8619', '1981-07-21');
INSERT INTO customer (customer_id, first_name, last_name, email, phone, birthdate) VALUES (164, 'Bobbette', 'MacKeller', 'bmackeller4j@behance.net', '972-816-9204', '1982-08-31');
INSERT INTO customer (customer_id, first_name, last_name, email, phone, birthdate) VALUES (165, 'Creight', 'Fontanet', 'cfontanet4k@amazon.co.jp', '262-198-3048', '1963-03-14');
INSERT INTO customer (customer_id, first_name, last_name, email, phone, birthdate) VALUES (166, 'North', 'Dymoke', 'ndymoke4l@last.fm', '781-539-9483', '1950-04-01');
INSERT INTO customer (customer_id, first_name, last_name, email, phone, birthdate) VALUES (167, 'Joleen', 'Behnecken', 'jbehnecken4m@yandex.ru', '890-977-7168', '1969-11-20');
INSERT INTO customer (customer_id, first_name, last_name, email, phone, birthdate) VALUES (168, 'Mable', 'Hairyes', 'mhairyes4n@samsung.com', '448-110-9883', '1962-02-19');
INSERT INTO customer (customer_id, first_name, last_name, email, phone, birthdate) VALUES (169, 'Valentijn', 'Carreyette', 'vcarreyette4o@harvard.edu', '805-216-1287', '1998-11-17');
INSERT INTO customer (customer_id, first_name, last_name, email, phone, birthdate) VALUES (170, 'Benny', 'Blacker', 'bblacker4p@tinyurl.com', '345-876-5134', '1979-08-14');
INSERT INTO customer (customer_id, first_name, last_name, email, phone, birthdate) VALUES (171, 'Dunn', 'Pikesley', 'dpikesley4q@redcross.org', '812-234-2961', '2002-01-28');
INSERT INTO customer (customer_id, first_name, last_name, email, phone, birthdate) VALUES (172, 'Sabina', 'Timewell', 'stimewell4r@jiathis.com', '854-742-1593', '2001-11-02');
INSERT INTO customer (customer_id, first_name, last_name, email, phone, birthdate) VALUES (173, 'Becki', 'Dawidowitsch', 'bdawidowitsch4s@sfgate.com', '647-456-7990', '1946-01-29');
INSERT INTO customer (customer_id, first_name, last_name, email, phone, birthdate) VALUES (174, 'Merl', 'Rintoul', 'mrintoul4t@auda.org.au', '630-659-7669', '1984-06-03');
INSERT INTO customer (customer_id, first_name, last_name, email, phone, birthdate) VALUES (175, 'Franciska', 'Rundle', 'frundle4u@marketwatch.com', '823-419-0059', '1978-08-09');
INSERT INTO customer (customer_id, first_name, last_name, email, phone, birthdate) VALUES (176, 'Hilton', 'Huikerby', 'hhuikerby4v@shinystat.com', '612-580-0553', '1969-01-29');
INSERT INTO customer (customer_id, first_name, last_name, email, phone, birthdate) VALUES (177, 'Thurston', 'Enbury', 'tenbury4w@amazon.co.jp', '383-309-6577', '1972-09-08');
INSERT INTO customer (customer_id, first_name, last_name, email, phone, birthdate) VALUES (178, 'Genni', 'Marquot', 'gmarquot4x@accuweather.com', '117-649-5178', '1980-07-30');
INSERT INTO customer (customer_id, first_name, last_name, email, phone, birthdate) VALUES (179, 'Hynda', 'Hamelyn', 'hhamelyn4y@elpais.com', '723-862-0148', '1989-02-01');
INSERT INTO customer (customer_id, first_name, last_name, email, phone, birthdate) VALUES (180, 'Katharine', 'Itschakov', 'kitschakov4z@ask.com', '125-161-7226', '1951-08-26');
INSERT INTO customer (customer_id, first_name, last_name, email, phone, birthdate) VALUES (181, 'Lucretia', 'Wagner', 'lwagner50@opensource.org', '373-520-1323', '1948-02-17');
INSERT INTO customer (customer_id, first_name, last_name, email, phone, birthdate) VALUES (182, 'Laurie', 'Stubbeley', 'lstubbeley51@macromedia.com', '939-623-1699', '1966-07-26');
INSERT INTO customer (customer_id, first_name, last_name, email, phone, birthdate) VALUES (183, 'Dyana', 'Turpey', 'dturpey52@ifeng.com', '393-304-3979', '1997-05-17');
INSERT INTO customer (customer_id, first_name, last_name, email, phone, birthdate) VALUES (184, 'Tiertza', 'Walsham', 'twalsham53@dagondesign.com', '315-867-2041', '2005-05-08');
INSERT INTO customer (customer_id, first_name, last_name, email, phone, birthdate) VALUES (185, 'Huey', 'Goodread', 'hgoodread54@macromedia.com', '140-739-2219', '1950-05-08');
INSERT INTO customer (customer_id, first_name, last_name, email, phone, birthdate) VALUES (186, 'Dallis', 'Coddrington', 'dcoddrington55@comcast.net', '385-630-9193', '1965-12-01');
INSERT INTO customer (customer_id, first_name, last_name, email, phone, birthdate) VALUES (187, 'Bentley', 'Leathes', 'bleathes56@wikimedia.org', '137-520-3991', '1986-06-25');
INSERT INTO customer (customer_id, first_name, last_name, email, phone, birthdate) VALUES (188, 'Moselle', 'Bielby', 'mbielby57@feedburner.com', '877-142-0302', '1978-10-05');
INSERT INTO customer (customer_id, first_name, last_name, email, phone, birthdate) VALUES (189, 'Tawsha', 'Alaway', 'talaway58@netlog.com', '577-819-9980', '1972-12-11');
INSERT INTO customer (customer_id, first_name, last_name, email, phone, birthdate) VALUES (190, 'Will', 'O''Callaghan', 'wocallaghan59@issuu.com', '286-933-2206', '1999-09-18');
INSERT INTO customer (customer_id, first_name, last_name, email, phone, birthdate) VALUES (191, 'Dylan', 'Glentz', 'dglentz5a@webs.com', '343-247-1237', '1999-06-09');
INSERT INTO customer (customer_id, first_name, last_name, email, phone, birthdate) VALUES (192, 'Eda', 'Tynewell', 'etynewell5b@disqus.com', '178-548-5919', '1989-04-07');
INSERT INTO customer (customer_id, first_name, last_name, email, phone, birthdate) VALUES (193, 'Frederigo', 'Raubheim', 'fraubheim5c@stanford.edu', '444-476-7301', '1988-06-25');
INSERT INTO customer (customer_id, first_name, last_name, email, phone, birthdate) VALUES (194, 'Konstantine', 'Del Castello', 'kdelcastello5d@networkadvertising.org', '282-780-5731', '1971-11-30');
INSERT INTO customer (customer_id, first_name, last_name, email, phone, birthdate) VALUES (195, 'Trefor', 'Abramski', 'tabramski5e@irs.gov', '459-396-0554', '1947-02-09');
INSERT INTO customer (customer_id, first_name, last_name, email, phone, birthdate) VALUES (196, 'Filmer', 'Dunabie', 'fdunabie5f@globo.com', '743-100-0747', '1950-01-28');
INSERT INTO customer (customer_id, first_name, last_name, email, phone, birthdate) VALUES (197, 'Karalee', 'Chessil', 'kchessil5g@google.co.jp', '667-873-3846', '1947-10-02');
INSERT INTO customer (customer_id, first_name, last_name, email, phone, birthdate) VALUES (198, 'Honey', 'Browncey', 'hbrowncey5h@toplist.cz', '913-430-1941', '1972-01-24');
INSERT INTO customer (customer_id, first_name, last_name, email, phone, birthdate) VALUES (199, 'Didi', 'Eat', 'deat5i@comcast.net', '663-746-2599', '1957-12-24');
INSERT INTO customer (customer_id, first_name, last_name, email, phone, birthdate) VALUES (200, 'Juieta', 'Twittey', 'jtwittey5j@edublogs.org', '347-786-5387', '2005-04-14');

-- Table: hotel
CREATE TABLE hotel (hotel_id INTEGER PRIMARY KEY NOT NULL, hotel_name VARCHAR (50) NOT NULL, pool VARCHAR (5) NOT NULL, kids_club VARCHAR (5) NOT NULL, entertainment VARCHAR (5) NOT NULL, restaurant VARCHAR (5) NOT NULL, distance_beach INT (5) NOT NULL, distance_downtown INT (5) NOT NULL, price_extra_bed INT (5) NOT NULL, price_half_board INT (5), price_full_board INT (5), review INT (2) NOT NULL);
INSERT INTO hotel (hotel_id, hotel_name, pool, kids_club, entertainment, restaurant, distance_beach, distance_downtown, price_extra_bed, price_half_board, price_full_board, review) VALUES (1, 'Dorsia Hotel & Restaurant', 'true', 'true', 'true', 'true', '500m', '2000m', 500, 700, 1200, 5);
INSERT INTO hotel (hotel_id, hotel_name, pool, kids_club, entertainment, restaurant, distance_beach, distance_downtown, price_extra_bed, price_half_board, price_full_board, review) VALUES (2, 'Scandic', 'false', 'false', 'false', 'false', '4200m', '10m', 200, NULL, NULL, 4);
INSERT INTO hotel (hotel_id, hotel_name, pool, kids_club, entertainment, restaurant, distance_beach, distance_downtown, price_extra_bed, price_half_board, price_full_board, review) VALUES (3, 'Gothia Towers', 'true', 'false', 'false', 'true', '2500m', '200m', 250, 650, 1000, 4);
INSERT INTO hotel (hotel_id, hotel_name, pool, kids_club, entertainment, restaurant, distance_beach, distance_downtown, price_extra_bed, price_half_board, price_full_board, review) VALUES (4, 'Radisson Blu Riverside Hotel', 'true', 'true', 'true', 'true', '150m', '3500m', 300, 450, 750, 3);
INSERT INTO hotel (hotel_id, hotel_name, pool, kids_club, entertainment, restaurant, distance_beach, distance_downtown, price_extra_bed, price_half_board, price_full_board, review) VALUES (5, 'Clarion Hotel Post', 'false', 'false', 'true', 'true', '700m', '150m', 250, 500, 800, 2);
INSERT INTO hotel (hotel_id, hotel_name, pool, kids_club, entertainment, restaurant, distance_beach, distance_downtown, price_extra_bed, price_half_board, price_full_board, review) VALUES (6, 'Greta''s Inn', 'false', 'false', 'true', 'false', '1500m', '25m', 150, NULL, NULL, 1);
INSERT INTO hotel (hotel_id, hotel_name, pool, kids_club, entertainment, restaurant, distance_beach, distance_downtown, price_extra_bed, price_half_board, price_full_board, review) VALUES (7, 'Avalon', 'true', 'true', 'true', 'true', '250m', '750m', 750, 900, 1500, 2);
INSERT INTO hotel (hotel_id, hotel_name, pool, kids_club, entertainment, restaurant, distance_beach, distance_downtown, price_extra_bed, price_half_board, price_full_board, review) VALUES (8, 'Hotel Liseberg Heden', 'true', 'true', 'false', 'true', '50m', '5000m', 400, 700, 1000, 3);

-- Table: meals
CREATE TABLE meals (booking_id REFERENCES booking (booking_id) NOT NULL, room_id REFERENCES room (room_id) NOT NULL, meals VARCHAR (10));
INSERT INTO meals (booking_id, room_id, meals) VALUES (10, 7, 'None');
INSERT INTO meals (booking_id, room_id, meals) VALUES (26, 40, 'None');
INSERT INTO meals (booking_id, room_id, meals) VALUES (43, 29, 'Half Board');
INSERT INTO meals (booking_id, room_id, meals) VALUES (6, 39, 'Half Board');
INSERT INTO meals (booking_id, room_id, meals) VALUES (44, 84, 'Full Board');
INSERT INTO meals (booking_id, room_id, meals) VALUES (25, 71, 'Full Board');
INSERT INTO meals (booking_id, room_id, meals) VALUES (21, 52, 'Half Board');
INSERT INTO meals (booking_id, room_id, meals) VALUES (33, 26, 'None');
INSERT INTO meals (booking_id, room_id, meals) VALUES (29, 51, 'None');
INSERT INTO meals (booking_id, room_id, meals) VALUES (1, 97, 'Full Board');
INSERT INTO meals (booking_id, room_id, meals) VALUES (29, 61, 'Half Board');
INSERT INTO meals (booking_id, room_id, meals) VALUES (19, 59, 'Half Board');
INSERT INTO meals (booking_id, room_id, meals) VALUES (19, 9, 'Half Board');
INSERT INTO meals (booking_id, room_id, meals) VALUES (4, 11, 'Half Board');
INSERT INTO meals (booking_id, room_id, meals) VALUES (3, 91, 'None');
INSERT INTO meals (booking_id, room_id, meals) VALUES (9, 39, 'None');
INSERT INTO meals (booking_id, room_id, meals) VALUES (11, 80, 'Full Board');
INSERT INTO meals (booking_id, room_id, meals) VALUES (14, 41, 'Half Board');
INSERT INTO meals (booking_id, room_id, meals) VALUES (39, 10, 'Full Board');
INSERT INTO meals (booking_id, room_id, meals) VALUES (17, 32, 'Half Board');
INSERT INTO meals (booking_id, room_id, meals) VALUES (35, 71, 'Half Board');
INSERT INTO meals (booking_id, room_id, meals) VALUES (28, 58, 'None');
INSERT INTO meals (booking_id, room_id, meals) VALUES (31, 24, 'None');
INSERT INTO meals (booking_id, room_id, meals) VALUES (34, 94, 'Full Board');
INSERT INTO meals (booking_id, room_id, meals) VALUES (2, 94, 'Full Board');
INSERT INTO meals (booking_id, room_id, meals) VALUES (14, 98, 'None');
INSERT INTO meals (booking_id, room_id, meals) VALUES (43, 48, 'Full Board');
INSERT INTO meals (booking_id, room_id, meals) VALUES (18, 28, 'Full Board');
INSERT INTO meals (booking_id, room_id, meals) VALUES (13, 49, 'Half Board');
INSERT INTO meals (booking_id, room_id, meals) VALUES (7, 90, 'Full Board');
INSERT INTO meals (booking_id, room_id, meals) VALUES (35, 70, 'Half Board');
INSERT INTO meals (booking_id, room_id, meals) VALUES (36, 86, 'Half Board');
INSERT INTO meals (booking_id, room_id, meals) VALUES (15, 39, 'Half Board');
INSERT INTO meals (booking_id, room_id, meals) VALUES (38, 5, 'Half Board');
INSERT INTO meals (booking_id, room_id, meals) VALUES (2, 78, 'Full Board');
INSERT INTO meals (booking_id, room_id, meals) VALUES (21, 37, 'Full Board');
INSERT INTO meals (booking_id, room_id, meals) VALUES (5, 96, 'Half Board');
INSERT INTO meals (booking_id, room_id, meals) VALUES (46, 48, 'Half Board');
INSERT INTO meals (booking_id, room_id, meals) VALUES (24, 37, 'Half Board');
INSERT INTO meals (booking_id, room_id, meals) VALUES (11, 72, 'None');
INSERT INTO meals (booking_id, room_id, meals) VALUES (25, 49, 'Full Board');
INSERT INTO meals (booking_id, room_id, meals) VALUES (12, 80, 'Half Board');
INSERT INTO meals (booking_id, room_id, meals) VALUES (32, 75, 'Full Board');
INSERT INTO meals (booking_id, room_id, meals) VALUES (44, 39, 'Full Board');
INSERT INTO meals (booking_id, room_id, meals) VALUES (20, 45, 'Half Board');
INSERT INTO meals (booking_id, room_id, meals) VALUES (34, 65, 'None');
INSERT INTO meals (booking_id, room_id, meals) VALUES (23, 1, 'Full Board');
INSERT INTO meals (booking_id, room_id, meals) VALUES (22, 5, 'Full Board');
INSERT INTO meals (booking_id, room_id, meals) VALUES (42, 94, 'Full Board');
INSERT INTO meals (booking_id, room_id, meals) VALUES (8, 36, 'Full Board');
INSERT INTO meals (booking_id, room_id, meals) VALUES (27, 36, 'Full Board');
INSERT INTO meals (booking_id, room_id, meals) VALUES (21, 47, 'None');
INSERT INTO meals (booking_id, room_id, meals) VALUES (28, 98, 'Half Board');
INSERT INTO meals (booking_id, room_id, meals) VALUES (31, 32, 'Half Board');
INSERT INTO meals (booking_id, room_id, meals) VALUES (45, 31, 'Full Board');
INSERT INTO meals (booking_id, room_id, meals) VALUES (43, 5, 'Half Board');
INSERT INTO meals (booking_id, room_id, meals) VALUES (43, 47, 'Half Board');
INSERT INTO meals (booking_id, room_id, meals) VALUES (29, 32, 'Full Board');
INSERT INTO meals (booking_id, room_id, meals) VALUES (30, 82, 'Full Board');
INSERT INTO meals (booking_id, room_id, meals) VALUES (13, 81, 'Half Board');
INSERT INTO meals (booking_id, room_id, meals) VALUES (19, 100, 'None');
INSERT INTO meals (booking_id, room_id, meals) VALUES (40, 49, 'Half Board');
INSERT INTO meals (booking_id, room_id, meals) VALUES (24, 39, 'None');
INSERT INTO meals (booking_id, room_id, meals) VALUES (37, 88, 'Full Board');
INSERT INTO meals (booking_id, room_id, meals) VALUES (1, 8, 'None');
INSERT INTO meals (booking_id, room_id, meals) VALUES (22, 25, 'Full Board');
INSERT INTO meals (booking_id, room_id, meals) VALUES (16, 70, 'None');
INSERT INTO meals (booking_id, room_id, meals) VALUES (42, 54, 'Full Board');
INSERT INTO meals (booking_id, room_id, meals) VALUES (44, 20, 'Half Board');
INSERT INTO meals (booking_id, room_id, meals) VALUES (36, 49, 'Full Board');
INSERT INTO meals (booking_id, room_id, meals) VALUES (2, 48, 'Full Board');
INSERT INTO meals (booking_id, room_id, meals) VALUES (39, 85, 'None');
INSERT INTO meals (booking_id, room_id, meals) VALUES (49, 39, 'Full Board');
INSERT INTO meals (booking_id, room_id, meals) VALUES (10, 79, 'Full Board');
INSERT INTO meals (booking_id, room_id, meals) VALUES (24, 33, 'Half Board');
INSERT INTO meals (booking_id, room_id, meals) VALUES (25, 74, 'None');
INSERT INTO meals (booking_id, room_id, meals) VALUES (33, 62, 'Half Board');
INSERT INTO meals (booking_id, room_id, meals) VALUES (47, 27, 'Half Board');
INSERT INTO meals (booking_id, room_id, meals) VALUES (8, 59, 'Half Board');
INSERT INTO meals (booking_id, room_id, meals) VALUES (20, 21, 'Half Board');
INSERT INTO meals (booking_id, room_id, meals) VALUES (46, 63, 'Half Board');
INSERT INTO meals (booking_id, room_id, meals) VALUES (23, 37, 'Full Board');
INSERT INTO meals (booking_id, room_id, meals) VALUES (50, 69, 'Half Board');
INSERT INTO meals (booking_id, room_id, meals) VALUES (34, 82, 'None');
INSERT INTO meals (booking_id, room_id, meals) VALUES (10, 16, 'Half Board');
INSERT INTO meals (booking_id, room_id, meals) VALUES (2, 1, 'Full Board');
INSERT INTO meals (booking_id, room_id, meals) VALUES (49, 69, 'Full Board');
INSERT INTO meals (booking_id, room_id, meals) VALUES (43, 96, 'Half Board');
INSERT INTO meals (booking_id, room_id, meals) VALUES (12, 70, 'Full Board');
INSERT INTO meals (booking_id, room_id, meals) VALUES (13, 10, 'Half Board');
INSERT INTO meals (booking_id, room_id, meals) VALUES (44, 55, 'None');
INSERT INTO meals (booking_id, room_id, meals) VALUES (15, 80, 'Half Board');
INSERT INTO meals (booking_id, room_id, meals) VALUES (38, 20, 'Full Board');
INSERT INTO meals (booking_id, room_id, meals) VALUES (6, 19, 'Half Board');
INSERT INTO meals (booking_id, room_id, meals) VALUES (18, 91, 'Full Board');
INSERT INTO meals (booking_id, room_id, meals) VALUES (15, 6, 'Full Board');
INSERT INTO meals (booking_id, room_id, meals) VALUES (32, 88, 'Half Board');
INSERT INTO meals (booking_id, room_id, meals) VALUES (45, 37, 'Full Board');
INSERT INTO meals (booking_id, room_id, meals) VALUES (6, 5, 'None');
INSERT INTO meals (booking_id, room_id, meals) VALUES (46, 27, 'Half Board');
INSERT INTO meals (booking_id, room_id, meals) VALUES (7, 98, 'None');
INSERT INTO meals (booking_id, room_id, meals) VALUES (24, 5, 'Full Board');
INSERT INTO meals (booking_id, room_id, meals) VALUES (44, 22, 'Half Board');
INSERT INTO meals (booking_id, room_id, meals) VALUES (30, 48, 'Half Board');
INSERT INTO meals (booking_id, room_id, meals) VALUES (50, 76, 'Half Board');
INSERT INTO meals (booking_id, room_id, meals) VALUES (36, 84, 'Full Board');
INSERT INTO meals (booking_id, room_id, meals) VALUES (22, 63, 'Full Board');
INSERT INTO meals (booking_id, room_id, meals) VALUES (36, 16, 'Half Board');
INSERT INTO meals (booking_id, room_id, meals) VALUES (6, 22, 'Half Board');
INSERT INTO meals (booking_id, room_id, meals) VALUES (10, 19, 'None');
INSERT INTO meals (booking_id, room_id, meals) VALUES (22, 1, 'Full Board');
INSERT INTO meals (booking_id, room_id, meals) VALUES (27, 88, 'Full Board');
INSERT INTO meals (booking_id, room_id, meals) VALUES (44, 80, 'None');
INSERT INTO meals (booking_id, room_id, meals) VALUES (38, 63, 'Half Board');
INSERT INTO meals (booking_id, room_id, meals) VALUES (31, 9, 'Half Board');
INSERT INTO meals (booking_id, room_id, meals) VALUES (44, 86, 'Half Board');
INSERT INTO meals (booking_id, room_id, meals) VALUES (46, 42, 'Full Board');
INSERT INTO meals (booking_id, room_id, meals) VALUES (22, 89, 'Full Board');

-- Table: party
CREATE TABLE party (customer_id INTEGER REFERENCES customer (customer_id) ON DELETE CASCADE NOT NULL, booking_id INT REFERENCES booking (booking_id) NOT NULL, room_id INT REFERENCES room (room_id) NOT NULL);
INSERT INTO party (customer_id, booking_id, room_id) VALUES (1, 10, 7);
INSERT INTO party (customer_id, booking_id, room_id) VALUES (2, 26, 40);
INSERT INTO party (customer_id, booking_id, room_id) VALUES (3, 43, 29);
INSERT INTO party (customer_id, booking_id, room_id) VALUES (4, 6, 39);
INSERT INTO party (customer_id, booking_id, room_id) VALUES (5, 43, 29);
INSERT INTO party (customer_id, booking_id, room_id) VALUES (6, 44, 84);
INSERT INTO party (customer_id, booking_id, room_id) VALUES (7, 25, 71);
INSERT INTO party (customer_id, booking_id, room_id) VALUES (8, 21, 52);
INSERT INTO party (customer_id, booking_id, room_id) VALUES (9, 33, 26);
INSERT INTO party (customer_id, booking_id, room_id) VALUES (10, 29, 51);
INSERT INTO party (customer_id, booking_id, room_id) VALUES (11, 1, 97);
INSERT INTO party (customer_id, booking_id, room_id) VALUES (12, 29, 61);
INSERT INTO party (customer_id, booking_id, room_id) VALUES (13, 19, 59);
INSERT INTO party (customer_id, booking_id, room_id) VALUES (14, 43, 29);
INSERT INTO party (customer_id, booking_id, room_id) VALUES (15, 43, 29);
INSERT INTO party (customer_id, booking_id, room_id) VALUES (16, 19, 9);
INSERT INTO party (customer_id, booking_id, room_id) VALUES (17, 4, 11);
INSERT INTO party (customer_id, booking_id, room_id) VALUES (18, 3, 91);
INSERT INTO party (customer_id, booking_id, room_id) VALUES (19, 9, 39);
INSERT INTO party (customer_id, booking_id, room_id) VALUES (20, 11, 80);
INSERT INTO party (customer_id, booking_id, room_id) VALUES (21, 14, 41);
INSERT INTO party (customer_id, booking_id, room_id) VALUES (22, 39, 10);
INSERT INTO party (customer_id, booking_id, room_id) VALUES (23, 17, 32);
INSERT INTO party (customer_id, booking_id, room_id) VALUES (24, 35, 71);
INSERT INTO party (customer_id, booking_id, room_id) VALUES (25, 28, 58);
INSERT INTO party (customer_id, booking_id, room_id) VALUES (26, 31, 24);
INSERT INTO party (customer_id, booking_id, room_id) VALUES (27, 34, 94);
INSERT INTO party (customer_id, booking_id, room_id) VALUES (28, 2, 94);
INSERT INTO party (customer_id, booking_id, room_id) VALUES (29, 14, 98);
INSERT INTO party (customer_id, booking_id, room_id) VALUES (30, 43, 48);
INSERT INTO party (customer_id, booking_id, room_id) VALUES (31, 18, 28);
INSERT INTO party (customer_id, booking_id, room_id) VALUES (32, 13, 49);
INSERT INTO party (customer_id, booking_id, room_id) VALUES (33, 7, 90);
INSERT INTO party (customer_id, booking_id, room_id) VALUES (34, 6, 39);
INSERT INTO party (customer_id, booking_id, room_id) VALUES (35, 35, 70);
INSERT INTO party (customer_id, booking_id, room_id) VALUES (36, 36, 86);
INSERT INTO party (customer_id, booking_id, room_id) VALUES (37, 15, 39);
INSERT INTO party (customer_id, booking_id, room_id) VALUES (38, 38, 5);
INSERT INTO party (customer_id, booking_id, room_id) VALUES (39, 2, 78);
INSERT INTO party (customer_id, booking_id, room_id) VALUES (40, 21, 37);
INSERT INTO party (customer_id, booking_id, room_id) VALUES (41, 28, 58);
INSERT INTO party (customer_id, booking_id, room_id) VALUES (42, 10, 7);
INSERT INTO party (customer_id, booking_id, room_id) VALUES (43, 5, 96);
INSERT INTO party (customer_id, booking_id, room_id) VALUES (44, 46, 48);
INSERT INTO party (customer_id, booking_id, room_id) VALUES (45, 24, 37);
INSERT INTO party (customer_id, booking_id, room_id) VALUES (46, 11, 72);
INSERT INTO party (customer_id, booking_id, room_id) VALUES (47, 25, 49);
INSERT INTO party (customer_id, booking_id, room_id) VALUES (48, 21, 37);
INSERT INTO party (customer_id, booking_id, room_id) VALUES (49, 29, 61);
INSERT INTO party (customer_id, booking_id, room_id) VALUES (50, 12, 80);
INSERT INTO party (customer_id, booking_id, room_id) VALUES (51, 3, 91);
INSERT INTO party (customer_id, booking_id, room_id) VALUES (52, 32, 75);
INSERT INTO party (customer_id, booking_id, room_id) VALUES (53, 44, 39);
INSERT INTO party (customer_id, booking_id, room_id) VALUES (54, 10, 7);
INSERT INTO party (customer_id, booking_id, room_id) VALUES (55, 20, 45);
INSERT INTO party (customer_id, booking_id, room_id) VALUES (56, 26, 40);
INSERT INTO party (customer_id, booking_id, room_id) VALUES (57, 34, 65);
INSERT INTO party (customer_id, booking_id, room_id) VALUES (58, 23, 1);
INSERT INTO party (customer_id, booking_id, room_id) VALUES (59, 25, 49);
INSERT INTO party (customer_id, booking_id, room_id) VALUES (60, 20, 45);
INSERT INTO party (customer_id, booking_id, room_id) VALUES (61, 22, 5);
INSERT INTO party (customer_id, booking_id, room_id) VALUES (62, 42, 94);
INSERT INTO party (customer_id, booking_id, room_id) VALUES (63, 8, 36);
INSERT INTO party (customer_id, booking_id, room_id) VALUES (64, 27, 36);
INSERT INTO party (customer_id, booking_id, room_id) VALUES (65, 21, 47);
INSERT INTO party (customer_id, booking_id, room_id) VALUES (66, 33, 26);
INSERT INTO party (customer_id, booking_id, room_id) VALUES (67, 28, 98);
INSERT INTO party (customer_id, booking_id, room_id) VALUES (68, 5, 96);
INSERT INTO party (customer_id, booking_id, room_id) VALUES (69, 17, 32);
INSERT INTO party (customer_id, booking_id, room_id) VALUES (70, 11, 72);
INSERT INTO party (customer_id, booking_id, room_id) VALUES (71, 13, 49);
INSERT INTO party (customer_id, booking_id, room_id) VALUES (72, 5, 96);
INSERT INTO party (customer_id, booking_id, room_id) VALUES (73, 31, 32);
INSERT INTO party (customer_id, booking_id, room_id) VALUES (74, 45, 31);
INSERT INTO party (customer_id, booking_id, room_id) VALUES (75, 43, 5);
INSERT INTO party (customer_id, booking_id, room_id) VALUES (76, 7, 90);
INSERT INTO party (customer_id, booking_id, room_id) VALUES (77, 43, 47);
INSERT INTO party (customer_id, booking_id, room_id) VALUES (78, 29, 32);
INSERT INTO party (customer_id, booking_id, room_id) VALUES (79, 43, 47);
INSERT INTO party (customer_id, booking_id, room_id) VALUES (80, 10, 7);
INSERT INTO party (customer_id, booking_id, room_id) VALUES (81, 17, 32);
INSERT INTO party (customer_id, booking_id, room_id) VALUES (82, 30, 82);
INSERT INTO party (customer_id, booking_id, room_id) VALUES (83, 13, 81);
INSERT INTO party (customer_id, booking_id, room_id) VALUES (84, 19, 100);
INSERT INTO party (customer_id, booking_id, room_id) VALUES (85, 44, 39);
INSERT INTO party (customer_id, booking_id, room_id) VALUES (86, 8, 36);
INSERT INTO party (customer_id, booking_id, room_id) VALUES (87, 4, 11);
INSERT INTO party (customer_id, booking_id, room_id) VALUES (88, 2, 78);
INSERT INTO party (customer_id, booking_id, room_id) VALUES (89, 40, 49);
INSERT INTO party (customer_id, booking_id, room_id) VALUES (90, 24, 39);
INSERT INTO party (customer_id, booking_id, room_id) VALUES (91, 31, 32);
INSERT INTO party (customer_id, booking_id, room_id) VALUES (92, 37, 88);
INSERT INTO party (customer_id, booking_id, room_id) VALUES (93, 19, 100);
INSERT INTO party (customer_id, booking_id, room_id) VALUES (94, 1, 8);
INSERT INTO party (customer_id, booking_id, room_id) VALUES (95, 21, 47);
INSERT INTO party (customer_id, booking_id, room_id) VALUES (96, 34, 65);
INSERT INTO party (customer_id, booking_id, room_id) VALUES (97, 35, 70);
INSERT INTO party (customer_id, booking_id, room_id) VALUES (98, 33, 26);
INSERT INTO party (customer_id, booking_id, room_id) VALUES (99, 1, 8);
INSERT INTO party (customer_id, booking_id, room_id) VALUES (100, 22, 25);
INSERT INTO party (customer_id, booking_id, room_id) VALUES (101, 39, 10);
INSERT INTO party (customer_id, booking_id, room_id) VALUES (102, 43, 47);
INSERT INTO party (customer_id, booking_id, room_id) VALUES (103, 16, 70);
INSERT INTO party (customer_id, booking_id, room_id) VALUES (104, 42, 54);
INSERT INTO party (customer_id, booking_id, room_id) VALUES (105, 42, 54);
INSERT INTO party (customer_id, booking_id, room_id) VALUES (106, 44, 20);
INSERT INTO party (customer_id, booking_id, room_id) VALUES (107, 19, 100);
INSERT INTO party (customer_id, booking_id, room_id) VALUES (108, 15, 39);
INSERT INTO party (customer_id, booking_id, room_id) VALUES (109, 36, 49);
INSERT INTO party (customer_id, booking_id, room_id) VALUES (110, 3, 91);
INSERT INTO party (customer_id, booking_id, room_id) VALUES (111, 2, 48);
INSERT INTO party (customer_id, booking_id, room_id) VALUES (112, 28, 98);
INSERT INTO party (customer_id, booking_id, room_id) VALUES (113, 26, 40);
INSERT INTO party (customer_id, booking_id, room_id) VALUES (114, 16, 70);
INSERT INTO party (customer_id, booking_id, room_id) VALUES (115, 39, 85);
INSERT INTO party (customer_id, booking_id, room_id) VALUES (116, 24, 39);
INSERT INTO party (customer_id, booking_id, room_id) VALUES (117, 5, 96);
INSERT INTO party (customer_id, booking_id, room_id) VALUES (118, 18, 28);
INSERT INTO party (customer_id, booking_id, room_id) VALUES (119, 20, 45);
INSERT INTO party (customer_id, booking_id, room_id) VALUES (120, 49, 39);
INSERT INTO party (customer_id, booking_id, room_id) VALUES (121, 10, 79);
INSERT INTO party (customer_id, booking_id, room_id) VALUES (122, 24, 33);
INSERT INTO party (customer_id, booking_id, room_id) VALUES (123, 25, 74);
INSERT INTO party (customer_id, booking_id, room_id) VALUES (124, 6, 39);
INSERT INTO party (customer_id, booking_id, room_id) VALUES (125, 33, 62);
INSERT INTO party (customer_id, booking_id, room_id) VALUES (126, 47, 27);
INSERT INTO party (customer_id, booking_id, room_id) VALUES (127, 8, 59);
INSERT INTO party (customer_id, booking_id, room_id) VALUES (128, 20, 21);
INSERT INTO party (customer_id, booking_id, room_id) VALUES (129, 46, 63);
INSERT INTO party (customer_id, booking_id, room_id) VALUES (130, 35, 70);
INSERT INTO party (customer_id, booking_id, room_id) VALUES (131, 34, 65);
INSERT INTO party (customer_id, booking_id, room_id) VALUES (132, 23, 37);
INSERT INTO party (customer_id, booking_id, room_id) VALUES (133, 50, 69);
INSERT INTO party (customer_id, booking_id, room_id) VALUES (134, 34, 82);
INSERT INTO party (customer_id, booking_id, room_id) VALUES (135, 49, 39);
INSERT INTO party (customer_id, booking_id, room_id) VALUES (136, 10, 16);
INSERT INTO party (customer_id, booking_id, room_id) VALUES (137, 32, 75);
INSERT INTO party (customer_id, booking_id, room_id) VALUES (138, 45, 31);
INSERT INTO party (customer_id, booking_id, room_id) VALUES (139, 34, 82);
INSERT INTO party (customer_id, booking_id, room_id) VALUES (140, 36, 49);
INSERT INTO party (customer_id, booking_id, room_id) VALUES (141, 44, 20);
INSERT INTO party (customer_id, booking_id, room_id) VALUES (142, 2, 1);
INSERT INTO party (customer_id, booking_id, room_id) VALUES (143, 49, 69);
INSERT INTO party (customer_id, booking_id, room_id) VALUES (144, 33, 62);
INSERT INTO party (customer_id, booking_id, room_id) VALUES (145, 9, 39);
INSERT INTO party (customer_id, booking_id, room_id) VALUES (146, 25, 74);
INSERT INTO party (customer_id, booking_id, room_id) VALUES (147, 17, 32);
INSERT INTO party (customer_id, booking_id, room_id) VALUES (148, 30, 82);
INSERT INTO party (customer_id, booking_id, room_id) VALUES (149, 47, 27);
INSERT INTO party (customer_id, booking_id, room_id) VALUES (150, 43, 96);
INSERT INTO party (customer_id, booking_id, room_id) VALUES (151, 35, 70);
INSERT INTO party (customer_id, booking_id, room_id) VALUES (152, 12, 70);
INSERT INTO party (customer_id, booking_id, room_id) VALUES (153, 35, 70);
INSERT INTO party (customer_id, booking_id, room_id) VALUES (154, 12, 70);
INSERT INTO party (customer_id, booking_id, room_id) VALUES (155, 32, 75);
INSERT INTO party (customer_id, booking_id, room_id) VALUES (156, 32, 75);
INSERT INTO party (customer_id, booking_id, room_id) VALUES (157, 10, 16);
INSERT INTO party (customer_id, booking_id, room_id) VALUES (158, 13, 10);
INSERT INTO party (customer_id, booking_id, room_id) VALUES (159, 44, 55);
INSERT INTO party (customer_id, booking_id, room_id) VALUES (160, 11, 72);
INSERT INTO party (customer_id, booking_id, room_id) VALUES (161, 15, 80);
INSERT INTO party (customer_id, booking_id, room_id) VALUES (162, 4, 11);
INSERT INTO party (customer_id, booking_id, room_id) VALUES (163, 14, 98);
INSERT INTO party (customer_id, booking_id, room_id) VALUES (164, 38, 20);
INSERT INTO party (customer_id, booking_id, room_id) VALUES (165, 6, 19);
INSERT INTO party (customer_id, booking_id, room_id) VALUES (166, 18, 91);
INSERT INTO party (customer_id, booking_id, room_id) VALUES (167, 15, 6);
INSERT INTO party (customer_id, booking_id, room_id) VALUES (168, 8, 59);
INSERT INTO party (customer_id, booking_id, room_id) VALUES (169, 14, 98);
INSERT INTO party (customer_id, booking_id, room_id) VALUES (170, 20, 21);
INSERT INTO party (customer_id, booking_id, room_id) VALUES (171, 31, 32);
INSERT INTO party (customer_id, booking_id, room_id) VALUES (172, 21, 47);
INSERT INTO party (customer_id, booking_id, room_id) VALUES (173, 39, 85);
INSERT INTO party (customer_id, booking_id, room_id) VALUES (174, 24, 33);
INSERT INTO party (customer_id, booking_id, room_id) VALUES (175, 32, 88);
INSERT INTO party (customer_id, booking_id, room_id) VALUES (176, 20, 21);
INSERT INTO party (customer_id, booking_id, room_id) VALUES (177, 12, 70);
INSERT INTO party (customer_id, booking_id, room_id) VALUES (178, 16, 70);
INSERT INTO party (customer_id, booking_id, room_id) VALUES (179, 39, 85);
INSERT INTO party (customer_id, booking_id, room_id) VALUES (180, 21, 47);
INSERT INTO party (customer_id, booking_id, room_id) VALUES (181, 45, 37);
INSERT INTO party (customer_id, booking_id, room_id) VALUES (182, 15, 6);
INSERT INTO party (customer_id, booking_id, room_id) VALUES (183, 11, 72);
INSERT INTO party (customer_id, booking_id, room_id) VALUES (184, 7, 90);
INSERT INTO party (customer_id, booking_id, room_id) VALUES (185, 22, 25);
INSERT INTO party (customer_id, booking_id, room_id) VALUES (186, 6, 5);
INSERT INTO party (customer_id, booking_id, room_id) VALUES (187, 32, 88);
INSERT INTO party (customer_id, booking_id, room_id) VALUES (188, 46, 27);
INSERT INTO party (customer_id, booking_id, room_id) VALUES (189, 12, 70);
INSERT INTO party (customer_id, booking_id, room_id) VALUES (190, 47, 27);
INSERT INTO party (customer_id, booking_id, room_id) VALUES (191, 38, 20);
INSERT INTO party (customer_id, booking_id, room_id) VALUES (192, 47, 27);
INSERT INTO party (customer_id, booking_id, room_id) VALUES (193, 7, 98);
INSERT INTO party (customer_id, booking_id, room_id) VALUES (194, 44, 55);
INSERT INTO party (customer_id, booking_id, room_id) VALUES (195, 15, 6);
INSERT INTO party (customer_id, booking_id, room_id) VALUES (196, 43, 96);
INSERT INTO party (customer_id, booking_id, room_id) VALUES (197, 24, 5);
INSERT INTO party (customer_id, booking_id, room_id) VALUES (198, 37, 88);
INSERT INTO party (customer_id, booking_id, room_id) VALUES (199, 8, 59);
INSERT INTO party (customer_id, booking_id, room_id) VALUES (200, 44, 55);
INSERT INTO party (customer_id, booking_id, room_id) VALUES (202, 18, 91);
INSERT INTO party (customer_id, booking_id, room_id) VALUES (203, 44, 22);
INSERT INTO party (customer_id, booking_id, room_id) VALUES (204, 30, 48);
INSERT INTO party (customer_id, booking_id, room_id) VALUES (205, 17, 32);
INSERT INTO party (customer_id, booking_id, room_id) VALUES (206, 50, 76);
INSERT INTO party (customer_id, booking_id, room_id) VALUES (207, 5, 96);
INSERT INTO party (customer_id, booking_id, room_id) VALUES (208, 15, 6);
INSERT INTO party (customer_id, booking_id, room_id) VALUES (209, 36, 84);
INSERT INTO party (customer_id, booking_id, room_id) VALUES (210, 12, 70);
INSERT INTO party (customer_id, booking_id, room_id) VALUES (211, 7, 98);
INSERT INTO party (customer_id, booking_id, room_id) VALUES (212, 50, 76);
INSERT INTO party (customer_id, booking_id, room_id) VALUES (213, 29, 32);
INSERT INTO party (customer_id, booking_id, room_id) VALUES (214, 22, 63);
INSERT INTO party (customer_id, booking_id, room_id) VALUES (215, 39, 85);
INSERT INTO party (customer_id, booking_id, room_id) VALUES (216, 42, 54);
INSERT INTO party (customer_id, booking_id, room_id) VALUES (217, 43, 96);
INSERT INTO party (customer_id, booking_id, room_id) VALUES (218, 47, 27);
INSERT INTO party (customer_id, booking_id, room_id) VALUES (219, 26, 40);
INSERT INTO party (customer_id, booking_id, room_id) VALUES (220, 36, 16);
INSERT INTO party (customer_id, booking_id, room_id) VALUES (221, 45, 31);
INSERT INTO party (customer_id, booking_id, room_id) VALUES (222, 6, 22);
INSERT INTO party (customer_id, booking_id, room_id) VALUES (223, 43, 96);
INSERT INTO party (customer_id, booking_id, room_id) VALUES (224, 40, 49);
INSERT INTO party (customer_id, booking_id, room_id) VALUES (225, 27, 36);
INSERT INTO party (customer_id, booking_id, room_id) VALUES (226, 16, 70);
INSERT INTO party (customer_id, booking_id, room_id) VALUES (227, 10, 19);
INSERT INTO party (customer_id, booking_id, room_id) VALUES (228, 31, 32);
INSERT INTO party (customer_id, booking_id, room_id) VALUES (229, 49, 69);
INSERT INTO party (customer_id, booking_id, room_id) VALUES (230, 28, 98);
INSERT INTO party (customer_id, booking_id, room_id) VALUES (231, 22, 1);
INSERT INTO party (customer_id, booking_id, room_id) VALUES (232, 27, 88);
INSERT INTO party (customer_id, booking_id, room_id) VALUES (233, 25, 74);
INSERT INTO party (customer_id, booking_id, room_id) VALUES (234, 36, 16);
INSERT INTO party (customer_id, booking_id, room_id) VALUES (235, 44, 80);
INSERT INTO party (customer_id, booking_id, room_id) VALUES (236, 38, 63);
INSERT INTO party (customer_id, booking_id, room_id) VALUES (237, 42, 54);
INSERT INTO party (customer_id, booking_id, room_id) VALUES (238, 29, 32);
INSERT INTO party (customer_id, booking_id, room_id) VALUES (239, 31, 9);
INSERT INTO party (customer_id, booking_id, room_id) VALUES (240, 44, 86);
INSERT INTO party (customer_id, booking_id, room_id) VALUES (241, 16, 70);
INSERT INTO party (customer_id, booking_id, room_id) VALUES (242, 46, 42);
INSERT INTO party (customer_id, booking_id, room_id) VALUES (243, 42, 54);
INSERT INTO party (customer_id, booking_id, room_id) VALUES (244, 29, 32);
INSERT INTO party (customer_id, booking_id, room_id) VALUES (245, 33, 62);
INSERT INTO party (customer_id, booking_id, room_id) VALUES (246, 45, 31);
INSERT INTO party (customer_id, booking_id, room_id) VALUES (247, 8, 59);
INSERT INTO party (customer_id, booking_id, room_id) VALUES (248, 27, 88);
INSERT INTO party (customer_id, booking_id, room_id) VALUES (249, 22, 89);
INSERT INTO party (customer_id, booking_id, room_id) VALUES (250, 14, 98);

-- Table: room
CREATE TABLE room (room_id INTEGER PRIMARY KEY NOT NULL, hotel_id INT (10) NOT NULL REFERENCES hotel (hotel_id), beds INT (10) NOT NULL, price INT (10) NOT NULL);
INSERT INTO room (room_id, hotel_id, beds, price) VALUES (1, 1, 1, 169);
INSERT INTO room (room_id, hotel_id, beds, price) VALUES (2, 2, 2, 360);
INSERT INTO room (room_id, hotel_id, beds, price) VALUES (3, 3, 4, 600);
INSERT INTO room (room_id, hotel_id, beds, price) VALUES (4, 4, 3, 450);
INSERT INTO room (room_id, hotel_id, beds, price) VALUES (5, 5, 1, 100);
INSERT INTO room (room_id, hotel_id, beds, price) VALUES (6, 6, 3, 371);
INSERT INTO room (room_id, hotel_id, beds, price) VALUES (7, 7, 4, 600);
INSERT INTO room (room_id, hotel_id, beds, price) VALUES (8, 8, 3, 550);
INSERT INTO room (room_id, hotel_id, beds, price) VALUES (9, 8, 1, 200);
INSERT INTO room (room_id, hotel_id, beds, price) VALUES (10, 7, 2, 300);
INSERT INTO room (room_id, hotel_id, beds, price) VALUES (11, 1, 3, 640);
INSERT INTO room (room_id, hotel_id, beds, price) VALUES (12, 2, 3, 490);
INSERT INTO room (room_id, hotel_id, beds, price) VALUES (13, 7, 1, 230);
INSERT INTO room (room_id, hotel_id, beds, price) VALUES (14, 4, 3, 360);
INSERT INTO room (room_id, hotel_id, beds, price) VALUES (15, 3, 3, 300);
INSERT INTO room (room_id, hotel_id, beds, price) VALUES (16, 6, 2, 440);
INSERT INTO room (room_id, hotel_id, beds, price) VALUES (17, 1, 3, 400);
INSERT INTO room (room_id, hotel_id, beds, price) VALUES (18, 7, 2, 330);
INSERT INTO room (room_id, hotel_id, beds, price) VALUES (19, 7, 1, 240);
INSERT INTO room (room_id, hotel_id, beds, price) VALUES (20, 8, 2, 399);
INSERT INTO room (room_id, hotel_id, beds, price) VALUES (21, 8, 3, 560);
INSERT INTO room (room_id, hotel_id, beds, price) VALUES (22, 8, 1, 200);
INSERT INTO room (room_id, hotel_id, beds, price) VALUES (23, 5, 1, 230);
INSERT INTO room (room_id, hotel_id, beds, price) VALUES (24, 6, 1, 251);
INSERT INTO room (room_id, hotel_id, beds, price) VALUES (25, 1, 2, 300);
INSERT INTO room (room_id, hotel_id, beds, price) VALUES (26, 4, 3, 340);
INSERT INTO room (room_id, hotel_id, beds, price) VALUES (27, 3, 4, 640);
INSERT INTO room (room_id, hotel_id, beds, price) VALUES (28, 3, 2, 311);
INSERT INTO room (room_id, hotel_id, beds, price) VALUES (29, 8, 4, 699);
INSERT INTO room (room_id, hotel_id, beds, price) VALUES (30, 4, 3, 300);
INSERT INTO room (room_id, hotel_id, beds, price) VALUES (31, 2, 2, 450);
INSERT INTO room (room_id, hotel_id, beds, price) VALUES (32, 2, 4, 520);
INSERT INTO room (room_id, hotel_id, beds, price) VALUES (33, 7, 2, 482);
INSERT INTO room (room_id, hotel_id, beds, price) VALUES (34, 3, 2, 381);
INSERT INTO room (room_id, hotel_id, beds, price) VALUES (35, 1, 4, 500);
INSERT INTO room (room_id, hotel_id, beds, price) VALUES (36, 1, 2, 290);
INSERT INTO room (room_id, hotel_id, beds, price) VALUES (37, 2, 2, 260);
INSERT INTO room (room_id, hotel_id, beds, price) VALUES (38, 2, 2, 230);
INSERT INTO room (room_id, hotel_id, beds, price) VALUES (39, 8, 2, 400);
INSERT INTO room (room_id, hotel_id, beds, price) VALUES (40, 1, 3, 599);
INSERT INTO room (room_id, hotel_id, beds, price) VALUES (41, 3, 1, 159);
INSERT INTO room (room_id, hotel_id, beds, price) VALUES (42, 2, 4, 750);
INSERT INTO room (room_id, hotel_id, beds, price) VALUES (43, 3, 4, 799);
INSERT INTO room (room_id, hotel_id, beds, price) VALUES (44, 1, 3, 360);
INSERT INTO room (room_id, hotel_id, beds, price) VALUES (45, 5, 3, 359);
INSERT INTO room (room_id, hotel_id, beds, price) VALUES (46, 6, 4, 700);
INSERT INTO room (room_id, hotel_id, beds, price) VALUES (47, 4, 3, 320);
INSERT INTO room (room_id, hotel_id, beds, price) VALUES (48, 8, 1, 200);
INSERT INTO room (room_id, hotel_id, beds, price) VALUES (49, 8, 2, 420);
INSERT INTO room (room_id, hotel_id, beds, price) VALUES (50, 7, 4, 920);
INSERT INTO room (room_id, hotel_id, beds, price) VALUES (51, 7, 1, 200);
INSERT INTO room (room_id, hotel_id, beds, price) VALUES (52, 4, 1, 154);
INSERT INTO room (room_id, hotel_id, beds, price) VALUES (53, 1, 3, 400);
INSERT INTO room (room_id, hotel_id, beds, price) VALUES (54, 1, 4, 550);
INSERT INTO room (room_id, hotel_id, beds, price) VALUES (55, 5, 3, 320);
INSERT INTO room (room_id, hotel_id, beds, price) VALUES (56, 4, 2, 230);
INSERT INTO room (room_id, hotel_id, beds, price) VALUES (57, 4, 1, 140);
INSERT INTO room (room_id, hotel_id, beds, price) VALUES (58, 6, 2, 470);
INSERT INTO room (room_id, hotel_id, beds, price) VALUES (59, 4, 1, 220);
INSERT INTO room (room_id, hotel_id, beds, price) VALUES (60, 5, 3, 334);
INSERT INTO room (room_id, hotel_id, beds, price) VALUES (61, 6, 2, 250);
INSERT INTO room (room_id, hotel_id, beds, price) VALUES (62, 6, 3, 600);
INSERT INTO room (room_id, hotel_id, beds, price) VALUES (63, 5, 1, 230);
INSERT INTO room (room_id, hotel_id, beds, price) VALUES (64, 4, 3, 357);
INSERT INTO room (room_id, hotel_id, beds, price) VALUES (65, 6, 3, 560);
INSERT INTO room (room_id, hotel_id, beds, price) VALUES (66, 8, 1, 200);
INSERT INTO room (room_id, hotel_id, beds, price) VALUES (67, 1, 2, 300);
INSERT INTO room (room_id, hotel_id, beds, price) VALUES (68, 2, 3, 350);
INSERT INTO room (room_id, hotel_id, beds, price) VALUES (69, 5, 3, 450);
INSERT INTO room (room_id, hotel_id, beds, price) VALUES (70, 2, 4, 520);
INSERT INTO room (room_id, hotel_id, beds, price) VALUES (71, 8, 1, 150);
INSERT INTO room (room_id, hotel_id, beds, price) VALUES (72, 3, 4, 559);
INSERT INTO room (room_id, hotel_id, beds, price) VALUES (73, 4, 2, 200);
INSERT INTO room (room_id, hotel_id, beds, price) VALUES (74, 3, 3, 600);
INSERT INTO room (room_id, hotel_id, beds, price) VALUES (75, 7, 4, 430);
INSERT INTO room (room_id, hotel_id, beds, price) VALUES (76, 6, 2, 450);
INSERT INTO room (room_id, hotel_id, beds, price) VALUES (77, 1, 1, 120);
INSERT INTO room (room_id, hotel_id, beds, price) VALUES (78, 2, 2, 406);
INSERT INTO room (room_id, hotel_id, beds, price) VALUES (79, 1, 1, 120);
INSERT INTO room (room_id, hotel_id, beds, price) VALUES (80, 8, 1, 230);
INSERT INTO room (room_id, hotel_id, beds, price) VALUES (81, 5, 1, 200);
INSERT INTO room (room_id, hotel_id, beds, price) VALUES (82, 4, 2, 230);
INSERT INTO room (room_id, hotel_id, beds, price) VALUES (83, 2, 1, 119);
INSERT INTO room (room_id, hotel_id, beds, price) VALUES (84, 3, 1, 232);
INSERT INTO room (room_id, hotel_id, beds, price) VALUES (85, 4, 4, 780);
INSERT INTO room (room_id, hotel_id, beds, price) VALUES (86, 4, 1, 115);
INSERT INTO room (room_id, hotel_id, beds, price) VALUES (87, 6, 4, 720);
INSERT INTO room (room_id, hotel_id, beds, price) VALUES (88, 6, 2, 400);
INSERT INTO room (room_id, hotel_id, beds, price) VALUES (89, 7, 1, 205);
INSERT INTO room (room_id, hotel_id, beds, price) VALUES (90, 7, 3, 429);
INSERT INTO room (room_id, hotel_id, beds, price) VALUES (91, 8, 2, 423);
INSERT INTO room (room_id, hotel_id, beds, price) VALUES (92, 8, 3, 550);
INSERT INTO room (room_id, hotel_id, beds, price) VALUES (93, 7, 4, 430);
INSERT INTO room (room_id, hotel_id, beds, price) VALUES (94, 2, 1, 125);
INSERT INTO room (room_id, hotel_id, beds, price) VALUES (95, 1, 1, 165);
INSERT INTO room (room_id, hotel_id, beds, price) VALUES (96, 6, 4, 899);
INSERT INTO room (room_id, hotel_id, beds, price) VALUES (97, 1, 1, 100);
INSERT INTO room (room_id, hotel_id, beds, price) VALUES (98, 1, 3, 375);
INSERT INTO room (room_id, hotel_id, beds, price) VALUES (99, 4, 2, 220);
INSERT INTO room (room_id, hotel_id, beds, price) VALUES (100, 1, 2, 275);

-- View: avail_date
CREATE VIEW avail_date AS SELECT room.room_id, booking.booking_id, booking.check_in_date, booking.check_out_date
FROM booking
INNER JOIN party ON booking.booking_id = party.booking_id 
INNER JOIN room ON party.room_id = room.room_id
WHERE NOT (('2022-07-01' <= check_out_date AND '2022-07-01' >= check_in_date) 
    OR ('2022-07-08' <= check_out_date AND '2022-07-08' >= check_in_date))
GROUP BY room.room_id;

-- View: avail_room_pool
CREATE VIEW avail_room_pool AS SELECT room.room_id AS 'Room_Number', 
hotel.hotel_name AS 'Hotel name', 
hotel.review AS 'Rating',
hotel.distance_downtown AS 'Distance_centrum',
hotel.distance_beach AS 'Distance_beach',
room.beds AS 'Room_beds',
room.price AS 'Price_per_night',
booking.check_in_date AS 'Check_in_date',
booking.check_out_date AS 'Check_out_date',
hotel.restaurant AS 'Restaurant',
hotel.kids_club AS 'Kids_club',
hotel.pool AS 'Pool',
hotel.entertainment AS 'Entertainment' 
FROM hotel, booking
LEFT JOIN room ON hotel.hotel_id = room.hotel_id
LEFT JOIN party ON room.room_id = party.room_id
WHERE hotel.entertainment = 'false' AND hotel.pool = 'true'
GROUP BY room.room_id;

-- View: booked_guests
CREATE VIEW booked_guests AS SELECT DISTINCT booking.booking_id, customer.customer_id, customer.first_name || " " || customer.last_name AS 'Full Name'
FROM booking
INNER JOIN customer ON customer.customer_id = party.customer_id
INNER JOIN party ON booking.booking_id = party.booking_id
ORDER BY booking.booking_id;

-- View: busyroom_responsible
CREATE VIEW busyroom_responsible AS SELECT room.room_id, booking.booking_id, booking.check_in_date, booking.check_out_date, 
customer.first_name || " " || customer.last_name AS 'Full Name'
FROM booking
INNER JOIN party ON booking.booking_id = party.booking_id 
INNER JOIN room ON party.room_id = room.room_id
INNER JOIN customer ON customer.customer_id = booking.customer_id_responsible
WHERE booking.check_in_date IS NOT NULL
AND booking.check_out_date IS NOT NULL
GROUP BY booking.customer_id_responsible
ORDER BY room.room_id;

COMMIT TRANSACTION;
PRAGMA foreign_keys = on;
